file,width,height,orientation,path
Ferry.jpg,3675,2598,landscape,landscape/Ferry.jpg
IMG_0676.heic,3675,2598,landscape,landscape/IMG_0676.heic
IMG_20190815_145907.jpg,2634,1840,landscape,landscape/IMG_20190815_145907.jpg
IMG_20190903_103725.jpg,2489,1840,landscape,landscape/IMG_20190903_103725.jpg
IMG_20190903_103743.jpg,2691,1840,landscape,landscape/IMG_20190903_103743.jpg
IMG_20190903_103808.jpg,2739,1840,landscape,landscape/IMG_20190903_103808.jpg
IMG_20190903_103858.jpg,2186,1576,landscape,landscape/IMG_20190903_103858.jpg
IMG_20190903_103918.jpg,2265,1746,landscape,landscape/IMG_20190903_103918.jpg
IMG_20190903_103950.jpg,2497,1840,landscape,landscape/IMG_20190903_103950.jpg
IMG_20190903_104029.jpg,2489,1840,landscape,landscape/IMG_20190903_104029.jpg
IMG_20190903_104054.jpg,2323,1710,landscape,landscape/IMG_20190903_104054.jpg
IMG_20190903_192245.jpg,2844,1840,landscape,landscape/IMG_20190903_192245.jpg
IMG_20190904_183732.jpg,2360,1622,landscape,landscape/IMG_20190904_183732.jpg
IMG_20201203_143818.jpg,1629,2355,portrait,portrait/IMG_20201203_143818.jpg
IMG_20210107_202913.jpg,2666,1840,landscape,landscape/IMG_20210107_202913.jpg
IMG_20210225_200941.jpg,2550,1840,landscape,landscape/IMG_20210225_200941.jpg
IMG_20210313_121418.jpg,2403,1714,landscape,landscape/IMG_20210313_121418.jpg
IMG_20220626_122116.jpg,2402,1700,landscape,landscape/IMG_20220626_122116.jpg
IMG_20220718_200538.jpg,2366,1785,landscape,landscape/IMG_20220718_200538.jpg
IMG_20220731_094359.jpg,2574,1845,landscape,landscape/IMG_20220731_094359.jpg
IMG_20220731_094930.jpg,2389,1772,landscape,landscape/IMG_20220731_094930.jpg
IMG_20220822_221537.jpg,1844,2720,portrait,portrait/IMG_20220822_221537.jpg
IMG_20221108_191544.jpg,2500,1844,landscape,landscape/IMG_20221108_191544.jpg
IMG_20221124_152837.jpg,2585,1816,landscape,landscape/IMG_20221124_152837.jpg
IMG_20221211_172715.jpg,1647,2384,portrait,portrait/IMG_20221211_172715.jpg
IMG_20221218_182808.jpg,1634,2273,portrait,portrait/IMG_20221218_182808.jpg
IMG_20221219_210044.jpg,2391,1725,landscape,landscape/IMG_20221219_210044.jpg
IMG_20221221_185837.jpg,2306,1683,landscape,landscape/IMG_20221221_185837.jpg
IMG_20230508_200943.jpg,1742,2349,portrait,portrait/IMG_20230508_200943.jpg
IMG_20230515_191338.jpg,1760,2359,portrait,portrait/IMG_20230515_191338.jpg
IMG_20230521_173842.jpg,2391,1718,landscape,landscape/IMG_20230521_173842.jpg
IMG_20230524_201017.jpg,1571,2303,portrait,portrait/IMG_20230524_201017.jpg
IMG_20230524_201048.jpg,1570,2240,portrait,portrait/IMG_20230524_201048.jpg
IMG_20230524_201123.jpg,1647,2337,portrait,portrait/IMG_20230524_201123.jpg
IMG_20230524_201152.jpg,1590,2263,portrait,portrait/IMG_20230524_201152.jpg
IMG_20230524_201220.jpg,1551,2255,portrait,portrait/IMG_20230524_201220.jpg
IMG_20230524_201246.jpg,2295,1588,landscape,landscape/IMG_20230524_201246.jpg
IMG_20230530_092717.jpg,1783,2503,portrait,portrait/IMG_20230530_092717.jpg
IMG_20230531_190558.jpg,2460,1810,landscape,landscape/IMG_20230531_190558.jpg
IMG_20230603_124149.jpg,1760,2526,portrait,portrait/IMG_20230603_124149.jpg
IMG_20230603_210605.jpg,2514,1769,landscape,landscape/IMG_20230603_210605.jpg
IMG_20230604_100111.jpg,1806,2260,portrait,portrait/IMG_20230604_100111.jpg
IMG_20230604_100204.jpg,1698,2119,portrait,portrait/IMG_20230604_100204.jpg
IMG_20230606_230510.jpg,2401,1719,landscape,landscape/IMG_20230606_230510.jpg
IMG_20230607_192237.jpg,2373,1735,landscape,landscape/IMG_20230607_192237.jpg
IMG_20230613_195832.jpg,1598,2246,portrait,portrait/IMG_20230613_195832.jpg
IMG_20230615_123855.jpg,2468,1831,landscape,landscape/IMG_20230615_123855.jpg
IMG_20230615_183336.jpg,1668,2425,portrait,portrait/IMG_20230615_183336.jpg
IMG_20230617_185101.jpg,1811,2586,portrait,portrait/IMG_20230617_185101.jpg
IMG_20230619_203103.jpg,1713,2438,portrait,portrait/IMG_20230619_203103.jpg
IMG_20230620_184018.jpg,2333,1728,landscape,landscape/IMG_20230620_184018.jpg
IMG_20230627_182737.jpg,2395,1754,landscape,landscape/IMG_20230627_182737.jpg
IMG_20230705_085901.jpg,1089,1571,portrait,portrait/IMG_20230705_085901.jpg
IMG_20230705_090755.jpg,1498,1987,portrait,portrait/IMG_20230705_090755.jpg
IMG_20230705_101855.jpg,1774,1775,portrait,portrait/IMG_20230705_101855.jpg
IMG_20230706_185432.jpg,1783,2708,portrait,portrait/IMG_20230706_185432.jpg
IMG_20230707_215350.jpg,1687,2597,portrait,portrait/IMG_20230707_215350.jpg
IMG_20230709_225249.jpg,1817,2774,portrait,portrait/IMG_20230709_225249.jpg
IMG_20230710_190440.jpg,1807,2288,portrait,portrait/IMG_20230710_190440.jpg
IMG_20230711_222238.jpg,1520,2285,portrait,portrait/IMG_20230711_222238.jpg
IMG_20230713_184128.jpg,1615,2220,portrait,portrait/IMG_20230713_184128.jpg
IMG_20230720_100013.jpg,2733,1844,landscape,landscape/IMG_20230720_100013.jpg
IMG_20230726_132056.jpg,1485,2033,portrait,portrait/IMG_20230726_132056.jpg
IMG_20230804_181035.jpg,2710,1816,landscape,landscape/IMG_20230804_181035.jpg
IMG_20230807_213042.jpg,1653,2540,portrait,portrait/IMG_20230807_213042.jpg
IMG_20230811_151716.jpg,1844,2803,portrait,portrait/IMG_20230811_151716.jpg
IMG_20230814_211435.jpg,1797,2656,portrait,portrait/IMG_20230814_211435.jpg
IMG_20230817_182456.jpg,1835,2821,portrait,portrait/IMG_20230817_182456.jpg
IMG_20230901_121239.jpg,1684,2560,portrait,portrait/IMG_20230901_121239.jpg
IMG_20230904_212629.jpg,1576,2369,portrait,portrait/IMG_20230904_212629.jpg
IMG_20230907_181657.jpg,1503,2212,portrait,portrait/IMG_20230907_181657.jpg
IMG_20230911_130143.jpg,1651,2379,portrait,portrait/IMG_20230911_130143.jpg
IMG_20230914_110543.jpg,3436,1675,landscape,landscape/IMG_20230914_110543.jpg
IMG_20230914_111716.jpg,3988,1175,landscape,landscape/IMG_20230914_111716.jpg
IMG_20230915_121056.jpg,4027,1039,landscape,landscape/IMG_20230915_121056.jpg
IMG_20230917_201538.jpg,4025,1029,landscape,landscape/IMG_20230917_201538.jpg
IMG_20230920_092849.jpg,4096,1844,landscape,landscape/IMG_20230920_092849.jpg
IMG_20230920_093042.jpg,1787,2756,portrait,portrait/IMG_20230920_093042.jpg
IMG_20230926_200043.jpg,1717,2518,portrait,portrait/IMG_20230926_200043.jpg
IMG_20230926_205222.jpg,4096,1844,landscape,landscape/IMG_20230926_205222.jpg
IMG_20230928_175214.jpg,1801,2606,portrait,portrait/IMG_20230928_175214.jpg
IMG_20230928_185303.jpg,4096,1844,landscape,landscape/IMG_20230928_185303.jpg
IMG_20231027_093429.jpg,1844,2749,portrait,portrait/IMG_20231027_093429.jpg
IMG_20231129_111037.jpg,1724,2327,portrait,portrait/IMG_20231129_111037.jpg
IMG_20231216_091050.jpg,1844,2516,portrait,portrait/IMG_20231216_091050.jpg
IMG_20231220_093638.jpg,4096,1844,landscape,landscape/IMG_20231220_093638.jpg
IMG_20231220_094158.jpg,4096,1844,landscape,landscape/IMG_20231220_094158.jpg
IMG_20231220_200012.jpg,2603,1604,landscape,landscape/IMG_20231220_200012.jpg
IMG_20231223_094516.jpg,2530,1845,landscape,landscape/IMG_20231223_094516.jpg
IMG_20231223_094544.jpg,1607,2262,portrait,portrait/IMG_20231223_094544.jpg
IMG_20231225_185143.jpg,2407,1716,landscape,landscape/IMG_20231225_185143.jpg
IMG_20231227_101533.jpg,2520,1845,landscape,landscape/IMG_20231227_101533.jpg
IMG_20231228_173956.jpg,1785,2500,portrait,portrait/IMG_20231228_173956.jpg
IMG_20231230_093635.jpg,2152,1563,landscape,landscape/IMG_20231230_093635.jpg
IMG_20240108_191055.jpg,1844,2746,portrait,portrait/IMG_20240108_191055.jpg
IMG_20240113_205833.jpg,1844,2549,portrait,portrait/IMG_20240113_205833.jpg
IMG_20240118_205632.jpg,2434,1735,landscape,landscape/IMG_20240118_205632.jpg
IMG_20240119_191217.jpg,2568,1842,landscape,landscape/IMG_20240119_191217.jpg
IMG_20240123_183306.jpg,2520,1752,landscape,landscape/IMG_20240123_183306.jpg
IMG_20240125_205601.jpg,2573,1844,landscape,landscape/IMG_20240125_205601.jpg
IMG_20240126_092952.jpg,2525,1698,landscape,landscape/IMG_20240126_092952.jpg
IMG_20240126_093209.jpg,1756,2561,portrait,portrait/IMG_20240126_093209.jpg
IMG_20240126_093235.jpg,1730,2551,portrait,portrait/IMG_20240126_093235.jpg
IMG_20240126_100125.jpg,2442,1672,landscape,landscape/IMG_20240126_100125.jpg
IMG_20240131_175405.jpg,2550,1724,landscape,landscape/IMG_20240131_175405.jpg
IMG_20240204_164214.jpg,2403,1686,landscape,landscape/IMG_20240204_164214.jpg
IMG_20240204_203935.jpg,2521,1682,landscape,landscape/IMG_20240204_203935.jpg
IMG_20240204_204002.jpg,2449,1706,landscape,landscape/IMG_20240204_204002.jpg
IMG_20240205_190638.jpg,2483,1726,landscape,landscape/IMG_20240205_190638.jpg
IMG_20240207_200946.jpg,1562,2317,portrait,portrait/IMG_20240207_200946.jpg
IMG_20240209_093406.jpg,2658,1789,landscape,landscape/IMG_20240209_093406.jpg
IMG_20240209_093700.jpg,2549,1844,landscape,landscape/IMG_20240209_093700.jpg
IMG_20240209_095439.jpg,2442,1724,landscape,landscape/IMG_20240209_095439.jpg
IMG_20240209_095604.jpg,2123,1569,landscape,landscape/IMG_20240209_095604.jpg
IMG_20240209_100208.jpg,2425,1732,landscape,landscape/IMG_20240209_100208.jpg
IMG_20240209_101202.jpg,2658,1753,landscape,landscape/IMG_20240209_101202.jpg
IMG_20240209_101954.jpg,2385,1628,landscape,landscape/IMG_20240209_101954.jpg
IMG_20240209_103044.jpg,2385,1628,landscape,landscape/IMG_20240209_103044.jpg
IMG_20240209_104157.jpg,1492,2200,portrait,portrait/IMG_20240209_104157.jpg
IMG_20240209_104943.jpg,1591,1108,landscape,landscape/IMG_20240209_104943.jpg
IMG_20240209_110409.jpg,1474,1015,landscape,landscape/IMG_20240209_110409.jpg
IMG_20240209_111225.jpg,1716,2364,portrait,portrait/IMG_20240209_111225.jpg
IMG_20240209_222207.jpg,2442,1724,landscape,landscape/IMG_20240209_222207.jpg
IMG_20240213_211309.jpg,2605,1765,landscape,landscape/IMG_20240213_211309.jpg
IMG_20240213_211354.jpg,2567,1800,landscape,landscape/IMG_20240213_211354.jpg
IMG_20240214_170931.jpg,1778,1324,landscape,landscape/IMG_20240214_170931.jpg
IMG_20240223_214221.jpg,1732,2451,portrait,portrait/IMG_20240223_214221.jpg
IMG_20240224_153949.jpg,2458,1616,landscape,landscape/IMG_20240224_153949.jpg
IMG_20240225_190559.jpg,1807,2466,portrait,portrait/IMG_20240225_190559.jpg
IMG_20240225_190737.jpg,2130,1502,landscape,landscape/IMG_20240225_190737.jpg
IMG_20240226_215704.jpg,1926,1331,landscape,landscape/IMG_20240226_215704.jpg
IMG_20240301_124059.jpg,2208,1563,landscape,landscape/IMG_20240301_124059.jpg
IMG_20240301_210021.jpg,1999,1405,landscape,landscape/IMG_20240301_210021.jpg
IMG_20240303_204950.jpg,1793,1344,landscape,landscape/IMG_20240303_204950.jpg
IMG_20240303_205129.jpg,2180,3270,portrait,portrait/IMG_20240303_205129.jpg
IMG_20240303_205250.jpg,1875,1406,landscape,landscape/IMG_20240303_205250.jpg
IMG_20240304_184510.jpg,1862,2482,portrait,portrait/IMG_20240304_184510.jpg
IMG_20240305_214531.jpg,2296,1722,landscape,landscape/IMG_20240305_214531.jpg
IMG_20240307_201903.jpg,2039,2718,portrait,portrait/IMG_20240307_201903.jpg
IMG_20240307_210221.jpg,1792,2398,portrait,portrait/IMG_20240307_210221.jpg
IMG_20240307_212237.jpg,1780,2373,portrait,portrait/IMG_20240307_212237.jpg
IMG_20240307_213207.jpg,1892,1419,landscape,landscape/IMG_20240307_213207.jpg
IMG_20240307_213306.jpg,1808,1356,landscape,landscape/IMG_20240307_213306.jpg
IMG_20240307_213348.jpg,1751,1313,landscape,landscape/IMG_20240307_213348.jpg
IMG_20240308_154114.jpg,3012,2260,landscape,landscape/IMG_20240308_154114.jpg
IMG_20240308_154237.jpg,1971,1478,landscape,landscape/IMG_20240308_154237.jpg
IMG_20240308_154439.jpg,1842,1381,landscape,landscape/IMG_20240308_154439.jpg
IMG_20240308_154523.jpg,1835,1376,landscape,landscape/IMG_20240308_154523.jpg
IMG_20240308_154742.jpg,1924,1443,landscape,landscape/IMG_20240308_154742.jpg
IMG_20240308_174820.jpg,1997,2662,portrait,portrait/IMG_20240308_174820.jpg
IMG_20240308_201738.jpg,2096,2794,portrait,portrait/IMG_20240308_201738.jpg
IMG_20240309_191018.jpg,2244,1577,landscape,landscape/IMG_20240309_191018.jpg
IMG_20240309_191108.jpg,1433,2030,portrait,portrait/IMG_20240309_191108.jpg
IMG_20240310_190146.jpg,1750,1231,landscape,landscape/IMG_20240310_190146.jpg
IMG_20240310_190209.jpg,1181,1691,portrait,portrait/IMG_20240310_190209.jpg
IMG_20240312_124111.jpg,2095,1454,landscape,landscape/IMG_20240312_124111.jpg
IMG_20240312_124135.jpg,2039,1416,landscape,landscape/IMG_20240312_124135.jpg
IMG_20240312_190622.jpg,1676,2234,portrait,portrait/IMG_20240312_190622.jpg
IMG_20240319_092617.jpg,1254,872,landscape,landscape/IMG_20240319_092617.jpg
IMG_20240426_095822.jpg,2400,3200,portrait,portrait/IMG_20240426_095822.jpg
IMG_20240428_113424.jpg,1526,2157,portrait,portrait/IMG_20240428_113424.jpg
IMG_20240519_102215.jpg,3114,2253,landscape,landscape/IMG_20240519_102215.jpg
IMG_20240530_113828.jpg,1373,1894,portrait,portrait/IMG_20240530_113828.jpg
IMG_20240601_103729.jpg,1277,1815,portrait,portrait/IMG_20240601_103729.jpg
IMG_20240707_101025.jpg,1787,2507,portrait,portrait/IMG_20240707_101025.jpg
IMG_20240707_101051.jpg,1620,2365,portrait,portrait/IMG_20240707_101051.jpg
IMG_20240707_101121.jpg,2341,1645,landscape,landscape/IMG_20240707_101121.jpg
IMG_20240707_101142.jpg,1639,2300,portrait,portrait/IMG_20240707_101142.jpg
IMG_20240707_101206.jpg,1992,1387,landscape,landscape/IMG_20240707_101206.jpg
IMG_20240707_101229.jpg,2171,1489,landscape,landscape/IMG_20240707_101229.jpg
IMG_20240707_101251.jpg,2209,1520,landscape,landscape/IMG_20240707_101251.jpg
IMG_20240707_101321.jpg,1550,2237,portrait,portrait/IMG_20240707_101321.jpg
IMG_20240707_101348.jpg,1660,2379,portrait,portrait/IMG_20240707_101348.jpg
IMG_20240707_101415.jpg,2211,1617,landscape,landscape/IMG_20240707_101415.jpg
IMG_20240707_101441.jpg,1708,2497,portrait,portrait/IMG_20240707_101441.jpg
IMG_20240707_101505.jpg,2195,1569,landscape,landscape/IMG_20240707_101505.jpg
IMG_20240707_101533.jpg,2281,1653,landscape,landscape/IMG_20240707_101533.jpg
IMG_20240707_101555.jpg,2144,1551,landscape,landscape/IMG_20240707_101555.jpg
IMG_20240707_101629.jpg,1750,2413,portrait,portrait/IMG_20240707_101629.jpg
IMG_20240707_101652.jpg,2276,1517,landscape,landscape/IMG_20240707_101652.jpg
IMG_20240707_101714.jpg,2267,1562,landscape,landscape/IMG_20240707_101714.jpg
IMG_20240707_101746.jpg,1671,2289,portrait,portrait/IMG_20240707_101746.jpg
IMG_20240707_101807.jpg,1646,2289,portrait,portrait/IMG_20240707_101807.jpg
IMG_20240707_101830.jpg,1618,2290,portrait,portrait/IMG_20240707_101830.jpg
IMG_20240707_101851.jpg,2174,1588,landscape,landscape/IMG_20240707_101851.jpg
IMG_20240707_101913.jpg,2293,1646,landscape,landscape/IMG_20240707_101913.jpg
IMG_20240707_101937.jpg,2150,1578,landscape,landscape/IMG_20240707_101937.jpg
IMG_20240707_101957.jpg,2139,1527,landscape,landscape/IMG_20240707_101957.jpg
IMG_20240707_102017.jpg,2227,1552,landscape,landscape/IMG_20240707_102017.jpg
IMG_20240707_102038.jpg,1543,2140,portrait,portrait/IMG_20240707_102038.jpg
IMG_20240707_102100.jpg,2272,1653,landscape,landscape/IMG_20240707_102100.jpg
IMG_20240707_102119.jpg,1676,2420,portrait,portrait/IMG_20240707_102119.jpg
IMG_20240707_102136.jpg,2245,1633,landscape,landscape/IMG_20240707_102136.jpg
IMG_20240707_102205.jpg,2187,1558,landscape,landscape/IMG_20240707_102205.jpg
IMG_20240707_102225.jpg,2172,1580,landscape,landscape/IMG_20240707_102225.jpg
IMG_20240707_102248.jpg,2343,1558,landscape,landscape/IMG_20240707_102248.jpg
IMG_20240707_102309.jpg,2223,1617,landscape,landscape/IMG_20240707_102309.jpg
IMG_20240707_102336.jpg,2273,1677,landscape,landscape/IMG_20240707_102336.jpg
IMG_20240707_102357.jpg,1809,1263,landscape,landscape/IMG_20240707_102357.jpg
IMG_20240707_102640.jpg,2531,1605,landscape,landscape/IMG_20240707_102640.jpg
IMG_20240707_140256.jpg,2460,1748,landscape,landscape/IMG_20240707_140256.jpg
IMG_20240707_140339.jpg,1629,2268,portrait,portrait/IMG_20240707_140339.jpg
IMG_20240707_140401.jpg,2179,1535,landscape,landscape/IMG_20240707_140401.jpg
IMG_20240707_140424.jpg,2022,1480,landscape,landscape/IMG_20240707_140424.jpg
IMG_20240707_140446.jpg,2063,1415,landscape,landscape/IMG_20240707_140446.jpg
IMG_20240707_140504.jpg,2110,1528,landscape,landscape/IMG_20240707_140504.jpg
IMG_20240707_140524.jpg,2049,1520,landscape,landscape/IMG_20240707_140524.jpg
IMG_20240707_140549.jpg,1589,2254,portrait,portrait/IMG_20240707_140549.jpg
IMG_20240707_140624.jpg,1925,1343,landscape,landscape/IMG_20240707_140624.jpg
IMG_20240707_140646.jpg,1484,2115,portrait,portrait/IMG_20240707_140646.jpg
IMG_20240707_140712.jpg,1526,2214,portrait,portrait/IMG_20240707_140712.jpg
IMG_20240707_140743.jpg,1411,2042,portrait,portrait/IMG_20240707_140743.jpg
IMG_20240707_140809.jpg,1718,1296,landscape,landscape/IMG_20240707_140809.jpg
IMG_20240806_190617.jpg,1844,2448,portrait,portrait/IMG_20240806_190617.jpg
IMG_20240806_190709.jpg,1761,2232,portrait,portrait/IMG_20240806_190709.jpg
IMG_20240806_190903.jpg,1677,2188,portrait,portrait/IMG_20240806_190903.jpg
IMG_20240806_191406.jpg,1626,2120,portrait,portrait/IMG_20240806_191406.jpg
IMG_20240814_124952.jpg,2363,1672,landscape,landscape/IMG_20240814_124952.jpg
IMG_20240814_125037.jpg,2388,1555,landscape,landscape/IMG_20240814_125037.jpg
IMG_20240814_125205.jpg,1640,2207,portrait,portrait/IMG_20240814_125205.jpg
IMG_20240814_125415.jpg,2301,1596,landscape,landscape/IMG_20240814_125415.jpg
IMG_20240905_164658.jpg,2348,1710,landscape,landscape/IMG_20240905_164658.jpg
IMG_20240918_192620.jpg,2252,1698,landscape,landscape/IMG_20240918_192620.jpg
IMG_20250120_183123.jpg,2097,2796,portrait,portrait/IMG_20250120_183123.jpg
IMG_20250120_183148.jpg,2313,1734,landscape,landscape/IMG_20250120_183148.jpg
IMG_20250124_184121.jpg,1844,2810,portrait,portrait/IMG_20250124_184121.jpg
IMG_20250124_184259.jpg,1652,2422,portrait,portrait/IMG_20250124_184259.jpg
IMG_20250124_184317.jpg,2574,1733,landscape,landscape/IMG_20250124_184317.jpg
IMG_20250126_203129.jpg,2300,1725,landscape,landscape/IMG_20250126_203129.jpg
IMG_20250204_104243.jpg,2342,1756,landscape,landscape/IMG_20250204_104243.jpg
IMG_20250204_104307.jpg,2043,1532,landscape,landscape/IMG_20250204_104307.jpg
IMG_20250204_104340.jpg,2346,1759,landscape,landscape/IMG_20250204_104340.jpg
IMG_20250208_205037.jpg,2064,2064,square,square/IMG_20250208_205037.jpg
IMG_20250209_184408.jpg,2176,1632,landscape,landscape/IMG_20250209_184408.jpg
IMG_20250209_185411.jpg,2088,1450,landscape,landscape/IMG_20250209_185411.jpg
IMG_20250209_185436.jpg,2248,1547,landscape,landscape/IMG_20250209_185436.jpg
IMG_20250216_210452.jpg,2122,2829,portrait,portrait/IMG_20250216_210452.jpg
IMG_20250218_124212.jpg,2294,1720,landscape,landscape/IMG_20250218_124212.jpg
IMG_20250221_113002.jpg,1980,1485,landscape,landscape/IMG_20250221_113002.jpg
IMG_20250221_113107.jpg,2039,1529,landscape,landscape/IMG_20250221_113107.jpg
IMG_20250222_195250.jpg,1704,2319,portrait,portrait/IMG_20250222_195250.jpg
IMG_20250224_213604.jpg,2201,2934,portrait,portrait/IMG_20250224_213604.jpg
IMG_20250227_201045.jpg,2140,1594,landscape,landscape/IMG_20250227_201045.jpg
IMG_20250306_185754.jpg,2209,1656,landscape,landscape/IMG_20250306_185754.jpg
IMG_20250307_153326.jpg,1401,2019,portrait,portrait/IMG_20250307_153326.jpg
IMG_20250310_210037.jpg,1320,1992,portrait,portrait/IMG_20250310_210037.jpg
IMG_20250310_210206.jpg,2087,1565,landscape,landscape/IMG_20250310_210206.jpg
IMG_20250313_194344.jpg,1778,1388,landscape,landscape/IMG_20250313_194344.jpg
IMG_20250313_194406.jpg,1776,1406,landscape,landscape/IMG_20250313_194406.jpg
IMG_20250313_194426.jpg,1742,1277,landscape,landscape/IMG_20250313_194426.jpg
IMG_20250313_210650.jpg,1123,906,landscape,landscape/IMG_20250313_210650.jpg
IMG_20250313_210711.jpg,1767,1360,landscape,landscape/IMG_20250313_210711.jpg
IMG_20250313_220014.jpg,1720,1387,landscape,landscape/IMG_20250313_220014.jpg
IMG_20250317_183224.jpg,1735,1322,landscape,landscape/IMG_20250317_183224.jpg
IMG_20250317_183247.jpg,1703,1306,landscape,landscape/IMG_20250317_183247.jpg
IMG_20250320_213003.jpg,1119,822,landscape,landscape/IMG_20250320_213003.jpg
IMG_20250320_213019.jpg,907,1100,portrait,portrait/IMG_20250320_213019.jpg
IMG_20250411_105513.jpg,2415,1725,landscape,landscape/IMG_20250411_105513.jpg
IMG_20250411_110015.jpg,2300,1591,landscape,landscape/IMG_20250411_110015.jpg
IMG_20250411_110044.jpg,2080,1523,landscape,landscape/IMG_20250411_110044.jpg
IMG_20250411_110115.jpg,2144,1563,landscape,landscape/IMG_20250411_110115.jpg
IMG_20250411_110141.jpg,2148,1555,landscape,landscape/IMG_20250411_110141.jpg
IMG_20250411_185608.jpg,2152,1538,landscape,landscape/IMG_20250411_185608.jpg
IMG_20250412_200609.jpg,901,1329,portrait,portrait/IMG_20250412_200609.jpg
IMG_20250414_181727.jpg,2502,3493,portrait,portrait/IMG_20250414_181727.jpg
IMG_20250414_181753.jpg,3371,2408,landscape,landscape/IMG_20250414_181753.jpg
IMG_20250416_210600.jpg,1607,2179,portrait,portrait/IMG_20250416_210600.jpg
IMG_20250615_195641.jpg,922,1111,portrait,portrait/IMG_20250615_195641.jpg
IMG_20250621_181733.jpg,2562,1756,landscape,landscape/IMG_20250621_181733.jpg
IMG_20250703_182731.jpg,2502,1651,landscape,landscape/IMG_20250703_182731.jpg
IMG_20250703_182806.jpg,2582,1700,landscape,landscape/IMG_20250703_182806.jpg
IMG_20250703_203359.jpg,1668,2544,portrait,portrait/IMG_20250703_203359.jpg
IMG_20250703_203418.jpg,2616,1754,landscape,landscape/IMG_20250703_203418.jpg
IMG_20250705_171629.jpg,1668,2500,portrait,portrait/IMG_20250705_171629.jpg
IMG_20250708_101138.jpg,1293,1927,portrait,portrait/IMG_20250708_101138.jpg
IMG_20250708_101208.jpg,1309,1973,portrait,portrait/IMG_20250708_101208.jpg
IMG_20250708_101243.jpg,2161,1431,landscape,landscape/IMG_20250708_101243.jpg
IMG_20250711_124539.jpg,1844,2564,portrait,portrait/IMG_20250711_124539.jpg
IMG_20250719_202637.jpg,2458,1659,landscape,landscape/IMG_20250719_202637.jpg
IMG_20250724_192027.jpg,2645,1740,landscape,landscape/IMG_20250724_192027.jpg
IMG_20250806_101333.jpg,1421,2091,portrait,portrait/IMG_20250806_101333.jpg
IMG_20250910_165900.jpg,2563,1699,landscape,landscape/IMG_20250910_165900.jpg
IMG_20250910_165932.jpg,2588,1755,landscape,landscape/IMG_20250910_165932.jpg
IMG_20250910_165953.jpg,2266,1711,landscape,landscape/IMG_20250910_165953.jpg
XHS_XHS_1710646158767_9954f740-300f-4552-a263-7cfc7fcd141b01710646240630.jpg,1280,1828,portrait,portrait/XHS_XHS_1710646158767_9954f740-300f-4552-a263-7cfc7fcd141b01710646240630.jpg
XHS_XHS_1710646158767_9954f740-300f-4552-a263-7cfc7fcd141b11710646240851.jpg,1280,1824,portrait,portrait/XHS_XHS_1710646158767_9954f740-300f-4552-a263-7cfc7fcd141b11710646240851.jpg
mmexport1622613156651.jpg,1079,1579,portrait,portrait/mmexport1622613156651.jpg
mmexport1630809497554.jpg,3888,2781,landscape,landscape/mmexport1630809497554.jpg
mmexport1631417139152.jpg,3542,2549,landscape,landscape/mmexport1631417139152.jpg
mmexport1632622059750.jpg,3718,2622,landscape,landscape/mmexport1632622059750.jpg
mmexport1634480502312.jpg,3754,2523,landscape,landscape/mmexport1634480502312.jpg
mmexport1702253753634.jpg,1280,1707,portrait,portrait/mmexport1702253753634.jpg
mmexport1710645596964.jpg,1280,1828,portrait,portrait/mmexport1710645596964.jpg
mmexport1710645609465.jpg,1280,1827,portrait,portrait/mmexport1710645609465.jpg
mmexport1710645618030.jpg,1280,1824,portrait,portrait/mmexport1710645618030.jpg
mmexport1710986655924.jpg,1800,1278,landscape,landscape/mmexport1710986655924.jpg
mmexport1711260364649.jpg,1840,1278,landscape,landscape/mmexport1711260364649.jpg
mmexport1713056266187.jpg,1280,1827,portrait,portrait/mmexport1713056266187.jpg
mmexport1715821966264.jpg,1279,1826,portrait,portrait/mmexport1715821966264.jpg
mmexport1716084664620.jpg,1952,2703,portrait,portrait/mmexport1716084664620.jpg
mmexport1716084701893.jpg,2099,2932,portrait,portrait/mmexport1716084701893.jpg
mmexport1716084710234.jpg,2543,1799,landscape,landscape/mmexport1716084710234.jpg
mmexport1716084718412.jpg,2544,1781,landscape,landscape/mmexport1716084718412.jpg
mmexport1716084725397.jpg,2719,2000,landscape,landscape/mmexport1716084725397.jpg
mmexport1716084732316.jpg,3004,2087,landscape,landscape/mmexport1716084732316.jpg
mmexport1716084755462.jpg,1973,2796,portrait,portrait/mmexport1716084755462.jpg
mmexport1716084766025.jpg,2190,3076,portrait,portrait/mmexport1716084766025.jpg
mmexport1721853419286.jpg,3240,2583,landscape,landscape/mmexport1721853419286.jpg
mmexport1721853426699.jpg,2848,3631,portrait,portrait/mmexport1721853426699.jpg
mmexport1721853433389.jpg,2863,3999,portrait,portrait/mmexport1721853433389.jpg
mmexport1721853445325.jpg,3734,2950,landscape,landscape/mmexport1721853445325.jpg
mmexport1721853466066.jpg,1627,2002,portrait,portrait/mmexport1721853466066.jpg
mmexport1724081384132.jpg,3477,2673,landscape,landscape/mmexport1724081384132.jpg
mmexport1724081396474.jpg,3975,2840,landscape,landscape/mmexport1724081396474.jpg
mmexport1724081411918.jpg,4032,3024,landscape,landscape/mmexport1724081411918.jpg
mmexport1724082895133.jpg,1279,1548,portrait,portrait/mmexport1724082895133.jpg
mmexport1727615740857.jpg,3485,2470,landscape,landscape/mmexport1727615740857.jpg
mmexport1739256535790.jpg,2569,1778,landscape,landscape/mmexport1739256535790.jpg
mmexport1739854862271.jpg,2204,2938,portrait,portrait/mmexport1739854862271.jpg
mmexport1739854872917.jpg,2772,2079,landscape,landscape/mmexport1739854872917.jpg
mmexport1750211044115.jpg,1080,1540,portrait,portrait/mmexport1750211044115.jpg
mmexport1750211078111.jpg,1279,1706,portrait,portrait/mmexport1750211078111.jpg
mmexport1751888269937.jpg,1896,1282,landscape,landscape/mmexport1751888269937.jpg
mmexport1752192782073.jpg,1306,960,landscape,landscape/mmexport1752192782073.jpg
mmexport1752368489711.jpg,1279,1890,portrait,portrait/mmexport1752368489711.jpg
mmexport1752368496054.jpg,1785,1279,landscape,landscape/mmexport1752368496054.jpg
mmexport1753104733044.jpg,1279,1834,portrait,portrait/mmexport1753104733044.jpg
mmexport1753493389341.jpg,2504,3719,portrait,portrait/mmexport1753493389341.jpg
mmexport1753620497183.jpg,1279,1882,portrait,portrait/mmexport1753620497183.jpg
mmexport1754442222401.jpg,2369,1722,landscape,landscape/mmexport1754442222401.jpg
mmexport1754805901771.jpg,1737,2426,portrait,portrait/mmexport1754805901771.jpg
mmexport1754805915227.jpg,1621,2436,portrait,portrait/mmexport1754805915227.jpg
mmexport1754805926081.jpg,2299,1550,landscape,landscape/mmexport1754805926081.jpg
mmexport1756431510464.jpg,1996,2808,portrait,portrait/mmexport1756431510464.jpg
mmexport1756431517998.jpg,3689,2683,landscape,landscape/mmexport1756431517998.jpg
monroe.jpg,2381,3218,portrait,portrait/monroe.jpg
retouch_2023070810515112.jpg,2248,2248,square,square/retouch_2023070810515112.jpg
